clickstream_id,session_id,customer_id,customer_segment,campaign_id,campaign_group,device_type,referrer,location,timestamp,event_order,event_type,page,scroll_depth,product_id,name,category,bounce_flag,cart_size,cart_content,purchased_items
068ec536-5ae5-4c96-b5d7-e824bdceb3c0_0,068ec536-5ae5-4c96-b5d7-e824bdceb3c0,CUST009,Churn Risk Customers,,non-campaign,Mobile,google.com,Tiong Bahru,2024-10-28 02:16:34,1,Search View,/search?q=Xiaomi,10.0,,,,0,2,"['PROD002', 'PROD045']",[]
068ec536-5ae5-4c96-b5d7-e824bdceb3c0_1,068ec536-5ae5-4c96-b5d7-e824bdceb3c0,CUST009,Churn Risk Customers,,non-campaign,Mobile,google.com,Tiong Bahru,2024-10-28 02:16:59,2,Category View,/category/household-essentials,30.0,,,Household Essentials,0,2,"['PROD002', 'PROD045']",[]
068ec536-5ae5-4c96-b5d7-e824bdceb3c0_2,068ec536-5ae5-4c96-b5d7-e824bdceb3c0,CUST009,Churn Risk Customers,,non-campaign,Mobile,google.com,Tiong Bahru,2024-10-28 02:19:59,3,Search View,/search?q=purpose,75.0,,,,0,2,"['PROD002', 'PROD045']",[]
068ec536-5ae5-4c96-b5d7-e824bdceb3c0_3,068ec536-5ae5-4c96-b5d7-e824bdceb3c0,CUST009,Churn Risk Customers,,non-campaign,Mobile,google.com,Tiong Bahru,2024-10-28 02:21:29,4,Category View,/category/fresh-produce,100.0,,,Fresh Produce,0,2,"['PROD002', 'PROD045']",[]
068ec536-5ae5-4c96-b5d7-e824bdceb3c0_4,068ec536-5ae5-4c96-b5d7-e824bdceb3c0,CUST009,Churn Risk Customers,,non-campaign,Mobile,google.com,Tiong Bahru,2024-10-28 02:24:09,5,Search View,/search?q=Vermicelli,11.0,,,,0,2,"['PROD002', 'PROD045']",[]
068ec536-5ae5-4c96-b5d7-e824bdceb3c0_5,068ec536-5ae5-4c96-b5d7-e824bdceb3c0,CUST009,Churn Risk Customers,,non-campaign,Mobile,google.com,Tiong Bahru,2024-10-28 02:26:43,6,Category View,"/category/home-&-living-(kitchenware,-storage,-bedding)",12.0,,,"Home & Living (Kitchenware, Storage, Bedding)",0,2,"['PROD002', 'PROD045']",[]
068ec536-5ae5-4c96-b5d7-e824bdceb3c0_6,068ec536-5ae5-4c96-b5d7-e824bdceb3c0,CUST009,Churn Risk Customers,,non-campaign,Mobile,google.com,Tiong Bahru,2024-10-28 02:29:21,7,Product View,/product/PROD008,1.0,PROD008,,"Home & Living (Kitchenware, Storage, Bedding)",0,2,"['PROD002', 'PROD045']",[]
068ec536-5ae5-4c96-b5d7-e824bdceb3c0_7,068ec536-5ae5-4c96-b5d7-e824bdceb3c0,CUST009,Churn Risk Customers,,non-campaign,Mobile,google.com,Tiong Bahru,2024-10-28 02:31:06,8,Home View,/home,10.0,,,,0,2,"['PROD002', 'PROD045']",[]
068ec536-5ae5-4c96-b5d7-e824bdceb3c0_8,068ec536-5ae5-4c96-b5d7-e824bdceb3c0,CUST009,Churn Risk Customers,,non-campaign,Mobile,google.com,Tiong Bahru,2024-10-28 02:33:24,9,Category View,/category/dairy-&-eggs,90.0,,,Dairy & Eggs,0,2,"['PROD002', 'PROD045']",[]
c9d1a545-1099-4cfe-93cd-2753499354f6_0,c9d1a545-1099-4cfe-93cd-2753499354f6,CUST017,New Customers,CAMP031,control,Tablet,google.com,Bukit Panjang,2024-12-25 15:28:56,1,Search View,/search?q=Nestle,50.0,,,,0,1,['PROD023'],[]
c9d1a545-1099-4cfe-93cd-2753499354f6_1,c9d1a545-1099-4cfe-93cd-2753499354f6,CUST017,New Customers,CAMP031,control,Tablet,google.com,Bukit Panjang,2024-12-25 15:29:56,2,Product View,/product/PROD005,100.0,PROD005,,Beverages,0,1,['PROD023'],[]
c9d1a545-1099-4cfe-93cd-2753499354f6_2,c9d1a545-1099-4cfe-93cd-2753499354f6,CUST017,New Customers,CAMP031,control,Tablet,google.com,Bukit Panjang,2024-12-25 15:32:47,3,Cart View,/cart,,,,,0,1,['PROD023'],[]
c9d1a545-1099-4cfe-93cd-2753499354f6_3,c9d1a545-1099-4cfe-93cd-2753499354f6,CUST017,New Customers,CAMP031,control,Tablet,google.com,Bukit Panjang,2024-12-25 15:34:51,4,Remove from Cart,/remove_from_cart/PROD023,,PROD023,,,0,0,[],[]
c9d1a545-1099-4cfe-93cd-2753499354f6_4,c9d1a545-1099-4cfe-93cd-2753499354f6,CUST017,New Customers,CAMP031,control,Tablet,google.com,Bukit Panjang,2024-12-25 15:35:43,5,Home View,/home,100.0,,,,0,0,[],[]
c9d1a545-1099-4cfe-93cd-2753499354f6_5,c9d1a545-1099-4cfe-93cd-2753499354f6,CUST017,New Customers,CAMP031,control,Tablet,google.com,Bukit Panjang,2024-12-25 15:38:10,6,Product View,/product/PROD001,100.0,PROD001,,Frozen Food,0,0,[],[]
c9d1a545-1099-4cfe-93cd-2753499354f6_6,c9d1a545-1099-4cfe-93cd-2753499354f6,CUST017,New Customers,CAMP031,control,Tablet,google.com,Bukit Panjang,2024-12-25 15:40:32,7,Add to Cart,/add_to_cart/PROD001,,PROD001,,,0,1,['PROD001'],[]
c9d1a545-1099-4cfe-93cd-2753499354f6_7,c9d1a545-1099-4cfe-93cd-2753499354f6,CUST017,New Customers,CAMP031,control,Tablet,google.com,Bukit Panjang,2024-12-25 15:41:22,8,Category View,/category/beverages,75.0,,,Beverages,0,1,['PROD001'],[]
c9d1a545-1099-4cfe-93cd-2753499354f6_8,c9d1a545-1099-4cfe-93cd-2753499354f6,CUST017,New Customers,CAMP031,control,Tablet,google.com,Bukit Panjang,2024-12-25 15:44:38,9,Search View,/search?q=Nivea,40.0,,,,0,1,['PROD001'],[]
c9d1a545-1099-4cfe-93cd-2753499354f6_9,c9d1a545-1099-4cfe-93cd-2753499354f6,CUST017,New Customers,CAMP031,control,Tablet,google.com,Bukit Panjang,2024-12-25 15:46:52,10,Home View,/home,50.0,,,,0,1,['PROD001'],[]
cedea084-c834-4814-b0ae-e95da6ef666b_0,cedea084-c834-4814-b0ae-e95da6ef666b,CUST017,New Customers,CAMP036,treatment,Desktop,tiktok.com,Bukit Panjang,2024-12-23 11:02:05,1,Product View,/product/PROD017,50.0,PROD017,,Fresh Produce,0,2,"['PROD038', 'PROD013']",[]
cedea084-c834-4814-b0ae-e95da6ef666b_1,cedea084-c834-4814-b0ae-e95da6ef666b,CUST017,New Customers,CAMP036,treatment,Desktop,tiktok.com,Bukit Panjang,2024-12-23 11:02:59,2,Category View,/category/beverages,14.0,,,Beverages,0,2,"['PROD038', 'PROD013']",[]
cedea084-c834-4814-b0ae-e95da6ef666b_2,cedea084-c834-4814-b0ae-e95da6ef666b,CUST017,New Customers,CAMP036,treatment,Desktop,tiktok.com,Bukit Panjang,2024-12-23 11:05:11,3,Product View,/product/PROD027,90.0,PROD027,,Beverages,0,2,"['PROD038', 'PROD013']",[]
cedea084-c834-4814-b0ae-e95da6ef666b_3,cedea084-c834-4814-b0ae-e95da6ef666b,CUST017,New Customers,CAMP036,treatment,Desktop,tiktok.com,Bukit Panjang,2024-12-23 11:06:57,4,Category View,/category/electronics-&-appliances,100.0,,,Electronics & Appliances,0,2,"['PROD038', 'PROD013']",[]
cedea084-c834-4814-b0ae-e95da6ef666b_4,cedea084-c834-4814-b0ae-e95da6ef666b,CUST017,New Customers,CAMP036,treatment,Desktop,tiktok.com,Bukit Panjang,2024-12-23 11:08:50,5,Product View,/product/PROD031,20.0,PROD031,,Electronics & Appliances,0,2,"['PROD038', 'PROD013']",[]
cedea084-c834-4814-b0ae-e95da6ef666b_5,cedea084-c834-4814-b0ae-e95da6ef666b,CUST017,New Customers,CAMP036,treatment,Desktop,tiktok.com,Bukit Panjang,2024-12-23 11:10:06,6,Home View,/home,85.0,,,,0,2,"['PROD038', 'PROD013']",[]
cedea084-c834-4814-b0ae-e95da6ef666b_6,cedea084-c834-4814-b0ae-e95da6ef666b,CUST017,New Customers,CAMP036,treatment,Desktop,tiktok.com,Bukit Panjang,2024-12-23 11:12:27,7,Product View,/product/PROD048,50.0,PROD048,,Canned Goods,0,2,"['PROD038', 'PROD013']",[]
cedea084-c834-4814-b0ae-e95da6ef666b_7,cedea084-c834-4814-b0ae-e95da6ef666b,CUST017,New Customers,CAMP036,treatment,Desktop,tiktok.com,Bukit Panjang,2024-12-23 11:14:07,8,Category View,/category/pantry-staples,1.0,,,Pantry Staples,0,2,"['PROD038', 'PROD013']",[]
cedea084-c834-4814-b0ae-e95da6ef666b_8,cedea084-c834-4814-b0ae-e95da6ef666b,CUST017,New Customers,CAMP036,treatment,Desktop,tiktok.com,Bukit Panjang,2024-12-23 11:15:47,9,Product View,/product/PROD038,50.0,PROD038,,Pantry Staples,0,2,"['PROD038', 'PROD013']",[]
cedea084-c834-4814-b0ae-e95da6ef666b_9,cedea084-c834-4814-b0ae-e95da6ef666b,CUST017,New Customers,CAMP036,treatment,Desktop,tiktok.com,Bukit Panjang,2024-12-23 11:17:07,10,Cart View,/cart,,,,,0,2,"['PROD038', 'PROD013']",[]
cedea084-c834-4814-b0ae-e95da6ef666b_10,cedea084-c834-4814-b0ae-e95da6ef666b,CUST017,New Customers,CAMP036,treatment,Desktop,tiktok.com,Bukit Panjang,2024-12-23 11:18:12,11,Category View,/category/fresh-produce,,,,Fresh Produce,0,2,"['PROD038', 'PROD013']",[]
cedea084-c834-4814-b0ae-e95da6ef666b_11,cedea084-c834-4814-b0ae-e95da6ef666b,CUST017,New Customers,CAMP036,treatment,Desktop,tiktok.com,Bukit Panjang,2024-12-23 11:21:04,12,Product View,/product/PROD017,50.0,PROD017,,Fresh Produce,0,2,"['PROD038', 'PROD013']",[]
cedea084-c834-4814-b0ae-e95da6ef666b_12,cedea084-c834-4814-b0ae-e95da6ef666b,CUST017,New Customers,CAMP036,treatment,Desktop,tiktok.com,Bukit Panjang,2024-12-23 11:22:50,13,Category View,/category/canned-goods,60.0,,,Canned Goods,0,2,"['PROD038', 'PROD013']",[]
cedea084-c834-4814-b0ae-e95da6ef666b_13,cedea084-c834-4814-b0ae-e95da6ef666b,CUST017,New Customers,CAMP036,treatment,Desktop,tiktok.com,Bukit Panjang,2024-12-23 11:24:29,14,Search View,/search?q=Shampoo,100.0,,,,0,2,"['PROD038', 'PROD013']",[]
cedea084-c834-4814-b0ae-e95da6ef666b_14,cedea084-c834-4814-b0ae-e95da6ef666b,CUST017,New Customers,CAMP036,treatment,Desktop,tiktok.com,Bukit Panjang,2024-12-23 11:27:00,15,Product View,/product/PROD037,11.0,PROD037,,Health & Beauty,0,2,"['PROD038', 'PROD013']",[]
00a53bea-6d4e-481a-8722-33a2eb7ad5b7_0,00a53bea-6d4e-481a-8722-33a2eb7ad5b7,CUST017,New Customers,CAMP026,treatment,Desktop,google.com,Choa Chu Kang,2024-12-24 14:47:41,1,Search View,/search?q=Lifebuoy,10.0,,,,0,2,"['PROD050', 'PROD038']",[]
00a53bea-6d4e-481a-8722-33a2eb7ad5b7_1,00a53bea-6d4e-481a-8722-33a2eb7ad5b7,CUST017,New Customers,CAMP026,treatment,Desktop,google.com,Choa Chu Kang,2024-12-24 14:50:27,2,Category View,/category/personal-care,40.0,,,Personal Care,0,2,"['PROD050', 'PROD038']",[]
00a53bea-6d4e-481a-8722-33a2eb7ad5b7_2,00a53bea-6d4e-481a-8722-33a2eb7ad5b7,CUST017,New Customers,CAMP026,treatment,Desktop,google.com,Choa Chu Kang,2024-12-24 14:51:43,3,Search View,/search?q=brother,75.0,,,,0,2,"['PROD050', 'PROD038']",[]
00a53bea-6d4e-481a-8722-33a2eb7ad5b7_3,00a53bea-6d4e-481a-8722-33a2eb7ad5b7,CUST017,New Customers,CAMP026,treatment,Desktop,google.com,Choa Chu Kang,2024-12-24 14:53:20,4,Product View,/product/PROD023,100.0,PROD023,,Household Essentials,0,2,"['PROD050', 'PROD038']",[]
00a53bea-6d4e-481a-8722-33a2eb7ad5b7_4,00a53bea-6d4e-481a-8722-33a2eb7ad5b7,CUST017,New Customers,CAMP026,treatment,Desktop,google.com,Choa Chu Kang,2024-12-24 14:54:41,5,Search View,/search?q=Shaving,40.0,,,,0,2,"['PROD050', 'PROD038']",[]
00a53bea-6d4e-481a-8722-33a2eb7ad5b7_5,00a53bea-6d4e-481a-8722-33a2eb7ad5b7,CUST017,New Customers,CAMP026,treatment,Desktop,google.com,Choa Chu Kang,2024-12-24 14:55:46,6,Home View,/home,75.0,,,,0,2,"['PROD050', 'PROD038']",[]
00a53bea-6d4e-481a-8722-33a2eb7ad5b7_6,00a53bea-6d4e-481a-8722-33a2eb7ad5b7,CUST017,New Customers,CAMP026,treatment,Desktop,google.com,Choa Chu Kang,2024-12-24 14:57:21,7,Search View,/search?q=Sunkist,25.0,,,,0,2,"['PROD050', 'PROD038']",[]
00a53bea-6d4e-481a-8722-33a2eb7ad5b7_7,00a53bea-6d4e-481a-8722-33a2eb7ad5b7,CUST017,New Customers,CAMP026,treatment,Desktop,google.com,Choa Chu Kang,2024-12-24 14:57:56,8,Home View,/home,14.0,,,,0,2,"['PROD050', 'PROD038']",[]
00a53bea-6d4e-481a-8722-33a2eb7ad5b7_8,00a53bea-6d4e-481a-8722-33a2eb7ad5b7,CUST017,New Customers,CAMP026,treatment,Desktop,google.com,Choa Chu Kang,2024-12-24 14:59:07,9,Product View,/product/PROD019,40.0,PROD019,,Snacks,0,2,"['PROD050', 'PROD038']",[]
00a53bea-6d4e-481a-8722-33a2eb7ad5b7_9,00a53bea-6d4e-481a-8722-33a2eb7ad5b7,CUST017,New Customers,CAMP026,treatment,Desktop,google.com,Choa Chu Kang,2024-12-24 15:01:09,10,Search View,/search?q=Pokka,30.0,,,,0,2,"['PROD050', 'PROD038']",[]
00a53bea-6d4e-481a-8722-33a2eb7ad5b7_10,00a53bea-6d4e-481a-8722-33a2eb7ad5b7,CUST017,New Customers,CAMP026,treatment,Desktop,google.com,Choa Chu Kang,2024-12-24 15:03:59,11,Home View,/home,3.0,,,,0,2,"['PROD050', 'PROD038']",[]
00a53bea-6d4e-481a-8722-33a2eb7ad5b7_11,00a53bea-6d4e-481a-8722-33a2eb7ad5b7,CUST017,New Customers,CAMP026,treatment,Desktop,google.com,Choa Chu Kang,2024-12-24 15:05:42,12,Search View,/search?q=Gillette,3.0,,,,0,2,"['PROD050', 'PROD038']",[]
00a53bea-6d4e-481a-8722-33a2eb7ad5b7_12,00a53bea-6d4e-481a-8722-33a2eb7ad5b7,CUST017,New Customers,CAMP026,treatment,Desktop,google.com,Choa Chu Kang,2024-12-24 15:05:59,13,Category View,/category/meat-&-seafood,75.0,,,Meat & Seafood,0,2,"['PROD050', 'PROD038']",[]
00a53bea-6d4e-481a-8722-33a2eb7ad5b7_13,00a53bea-6d4e-481a-8722-33a2eb7ad5b7,CUST017,New Customers,CAMP026,treatment,Desktop,google.com,Choa Chu Kang,2024-12-24 15:07:34,14,Product View,/product/PROD044,10.0,PROD044,,Meat & Seafood,0,2,"['PROD050', 'PROD038']",[]
8a5b79d7-849e-461b-bdd3-17f24ba222c7_0,8a5b79d7-849e-461b-bdd3-17f24ba222c7,CUST018,Budget Shoppers,,non-campaign,Desktop,google.com,Newton,2024-12-04 20:33:46,1,Search View,/search?q=Ritz,40.0,,,,0,5,"['PROD048', 'PROD017', 'PROD018', 'PROD032', 'PROD037']",[]
8a5b79d7-849e-461b-bdd3-17f24ba222c7_1,8a5b79d7-849e-461b-bdd3-17f24ba222c7,CUST018,Budget Shoppers,,non-campaign,Desktop,google.com,Newton,2024-12-04 20:35:09,2,Home View,/home,1.0,,,,0,5,"['PROD048', 'PROD017', 'PROD018', 'PROD032', 'PROD037']",[]
8a5b79d7-849e-461b-bdd3-17f24ba222c7_2,8a5b79d7-849e-461b-bdd3-17f24ba222c7,CUST018,Budget Shoppers,,non-campaign,Desktop,google.com,Newton,2024-12-04 20:37:21,3,Category View,/category/household-essentials,60.0,,,Household Essentials,0,5,"['PROD048', 'PROD017', 'PROD018', 'PROD032', 'PROD037']",[]
8a5b79d7-849e-461b-bdd3-17f24ba222c7_3,8a5b79d7-849e-461b-bdd3-17f24ba222c7,CUST018,Budget Shoppers,,non-campaign,Desktop,google.com,Newton,2024-12-04 20:39:38,4,Search View,/search?q=Heaven+,0.0,,,,0,5,"['PROD048', 'PROD017', 'PROD018', 'PROD032', 'PROD037']",[]
8a5b79d7-849e-461b-bdd3-17f24ba222c7_4,8a5b79d7-849e-461b-bdd3-17f24ba222c7,CUST018,Budget Shoppers,,non-campaign,Desktop,google.com,Newton,2024-12-04 20:40:49,5,Home View,/home,50.0,,,,0,5,"['PROD048', 'PROD017', 'PROD018', 'PROD032', 'PROD037']",[]
8a5b79d7-849e-461b-bdd3-17f24ba222c7_5,8a5b79d7-849e-461b-bdd3-17f24ba222c7,CUST018,Budget Shoppers,,non-campaign,Desktop,google.com,Newton,2024-12-04 20:41:38,6,Category View,/category/health-&-beauty,75.0,,,Health & Beauty,0,5,"['PROD048', 'PROD017', 'PROD018', 'PROD032', 'PROD037']",[]
8a5b79d7-849e-461b-bdd3-17f24ba222c7_6,8a5b79d7-849e-461b-bdd3-17f24ba222c7,CUST018,Budget Shoppers,,non-campaign,Desktop,google.com,Newton,2024-12-04 20:44:21,7,Search View,/search?q=Sunkist,75.0,,,,0,5,"['PROD048', 'PROD017', 'PROD018', 'PROD032', 'PROD037']",[]
8a5b79d7-849e-461b-bdd3-17f24ba222c7_7,8a5b79d7-849e-461b-bdd3-17f24ba222c7,CUST018,Budget Shoppers,,non-campaign,Desktop,google.com,Newton,2024-12-04 20:46:03,8,Category View,/category/pantry-staples,60.0,,,Pantry Staples,0,5,"['PROD048', 'PROD017', 'PROD018', 'PROD032', 'PROD037']",[]
8a5b79d7-849e-461b-bdd3-17f24ba222c7_8,8a5b79d7-849e-461b-bdd3-17f24ba222c7,CUST018,Budget Shoppers,,non-campaign,Desktop,google.com,Newton,2024-12-04 20:47:38,9,Product View,/product/PROD038,9.0,PROD038,,Pantry Staples,0,5,"['PROD048', 'PROD017', 'PROD018', 'PROD032', 'PROD037']",[]
8a5b79d7-849e-461b-bdd3-17f24ba222c7_9,8a5b79d7-849e-461b-bdd3-17f24ba222c7,CUST018,Budget Shoppers,,non-campaign,Desktop,google.com,Newton,2024-12-04 20:49:25,10,Add to Cart,/add_to_cart/PROD038,,PROD038,,,0,6,"['PROD048', 'PROD017', 'PROD018', 'PROD032', 'PROD037', 'PROD038']",[]
8a5b79d7-849e-461b-bdd3-17f24ba222c7_10,8a5b79d7-849e-461b-bdd3-17f24ba222c7,CUST018,Budget Shoppers,,non-campaign,Desktop,google.com,Newton,2024-12-04 20:50:14,11,Cart View,/cart,,,,,0,6,"['PROD048', 'PROD017', 'PROD018', 'PROD032', 'PROD037', 'PROD038']",[]
8a5b79d7-849e-461b-bdd3-17f24ba222c7_11,8a5b79d7-849e-461b-bdd3-17f24ba222c7,CUST018,Budget Shoppers,,non-campaign,Desktop,google.com,Newton,2024-12-04 20:51:47,12,Checkout Start,/checkout,,,,,0,6,"['PROD048', 'PROD017', 'PROD018', 'PROD032', 'PROD037', 'PROD038']",[]
8a5b79d7-849e-461b-bdd3-17f24ba222c7_12,8a5b79d7-849e-461b-bdd3-17f24ba222c7,CUST018,Budget Shoppers,,non-campaign,Desktop,google.com,Newton,2024-12-04 20:54:53,13,Payment Attempt,/payment,,,,,0,6,"['PROD048', 'PROD017', 'PROD018', 'PROD032', 'PROD037', 'PROD038']",[]
8a5b79d7-849e-461b-bdd3-17f24ba222c7_13,8a5b79d7-849e-461b-bdd3-17f24ba222c7,CUST018,Budget Shoppers,,non-campaign,Desktop,google.com,Newton,2024-12-04 20:57:09,14,Payment Successful,/payment/success,,,,,0,0,[],"['PROD048', 'PROD037', 'PROD032', 'PROD017', 'PROD038', 'PROD018']"
8a5b79d7-849e-461b-bdd3-17f24ba222c7_14,8a5b79d7-849e-461b-bdd3-17f24ba222c7,CUST018,Budget Shoppers,,non-campaign,Desktop,google.com,Newton,2024-12-04 20:58:36,15,Home View,/home,75.0,,,,0,0,[],[]
8a5b79d7-849e-461b-bdd3-17f24ba222c7_15,8a5b79d7-849e-461b-bdd3-17f24ba222c7,CUST018,Budget Shoppers,,non-campaign,Desktop,google.com,Newton,2024-12-04 21:01:12,16,Search View,/search?q=HomeBasics,90.0,,,,0,0,[],[]
8a5b79d7-849e-461b-bdd3-17f24ba222c7_16,8a5b79d7-849e-461b-bdd3-17f24ba222c7,CUST018,Budget Shoppers,,non-campaign,Desktop,google.com,Newton,2024-12-04 21:02:17,17,Home View,/home,100.0,,,,0,0,[],[]
c3fb76ee-c287-4835-85b8-f8467da49f5a_0,c3fb76ee-c287-4835-85b8-f8467da49f5a,CUST021,Active Customers,CAMP072,treatment,Mobile,google.com,Upper Bukit Timah,2024-11-14 18:07:36,1,Search View,/search?q=Del,50.0,,,,0,1,['PROD017'],[]
c3fb76ee-c287-4835-85b8-f8467da49f5a_1,c3fb76ee-c287-4835-85b8-f8467da49f5a,CUST021,Active Customers,CAMP072,treatment,Mobile,google.com,Upper Bukit Timah,2024-11-14 18:10:42,2,Product View,/product/PROD013,3.0,PROD013,,Snacks,0,1,['PROD017'],[]
c3fb76ee-c287-4835-85b8-f8467da49f5a_2,c3fb76ee-c287-4835-85b8-f8467da49f5a,CUST021,Active Customers,CAMP072,treatment,Mobile,google.com,Upper Bukit Timah,2024-11-14 18:13:17,3,Search View,/search?q=Pokka,60.0,,,,0,1,['PROD017'],[]
c3fb76ee-c287-4835-85b8-f8467da49f5a_3,c3fb76ee-c287-4835-85b8-f8467da49f5a,CUST021,Active Customers,CAMP072,treatment,Mobile,google.com,Upper Bukit Timah,2024-11-14 18:14:11,4,Category View,/category/fresh-produce,90.0,,,Fresh Produce,0,1,['PROD017'],[]
c3fb76ee-c287-4835-85b8-f8467da49f5a_4,c3fb76ee-c287-4835-85b8-f8467da49f5a,CUST021,Active Customers,CAMP072,treatment,Mobile,google.com,Upper Bukit Timah,2024-11-14 18:15:46,5,Product View,/product/PROD017,50.0,PROD017,,Fresh Produce,0,1,['PROD017'],[]
c3fb76ee-c287-4835-85b8-f8467da49f5a_5,c3fb76ee-c287-4835-85b8-f8467da49f5a,CUST021,Active Customers,CAMP072,treatment,Mobile,google.com,Upper Bukit Timah,2024-11-14 18:19:08,6,Search View,/search?q=Dyson,1.0,,,,0,1,['PROD017'],[]
c3fb76ee-c287-4835-85b8-f8467da49f5a_6,c3fb76ee-c287-4835-85b8-f8467da49f5a,CUST021,Active Customers,CAMP072,treatment,Mobile,google.com,Upper Bukit Timah,2024-11-14 18:19:28,7,Home View,/home,60.0,,,,0,1,['PROD017'],[]
c3fb76ee-c287-4835-85b8-f8467da49f5a_7,c3fb76ee-c287-4835-85b8-f8467da49f5a,CUST021,Active Customers,CAMP072,treatment,Mobile,google.com,Upper Bukit Timah,2024-11-14 18:22:39,8,Search View,/search?q=Bacon,20.0,,,,0,1,['PROD017'],[]
c3fb76ee-c287-4835-85b8-f8467da49f5a_8,c3fb76ee-c287-4835-85b8-f8467da49f5a,CUST021,Active Customers,CAMP072,treatment,Mobile,google.com,Upper Bukit Timah,2024-11-14 18:24:54,9,Product View,/product/PROD006,60.0,PROD006,,"Lifestyle & Recreation (Fitness, Toys, Travel)",0,1,['PROD017'],[]
c3fb76ee-c287-4835-85b8-f8467da49f5a_9,c3fb76ee-c287-4835-85b8-f8467da49f5a,CUST021,Active Customers,CAMP072,treatment,Mobile,google.com,Upper Bukit Timah,2024-11-14 18:27:15,10,Add to Cart,/add_to_cart/PROD006,,PROD006,,,0,2,"['PROD017', 'PROD006']",[]
85f92322-a0e0-4ba5-a1ca-bfbc198e70b0_0,85f92322-a0e0-4ba5-a1ca-bfbc198e70b0,CUST023,Active Customers,,non-campaign,Mobile,google.com,Marina South,2024-12-30 21:25:05,1,Search View,/search?q=ago,50.0,,,,0,0,[],[]
85f92322-a0e0-4ba5-a1ca-bfbc198e70b0_1,85f92322-a0e0-4ba5-a1ca-bfbc198e70b0,CUST023,Active Customers,,non-campaign,Mobile,google.com,Marina South,2024-12-30 21:26:32,2,Product View,/product/PROD034,11.0,PROD034,,Electronics & Appliances,0,0,[],[]
85f92322-a0e0-4ba5-a1ca-bfbc198e70b0_2,85f92322-a0e0-4ba5-a1ca-bfbc198e70b0,CUST023,Active Customers,,non-campaign,Mobile,google.com,Marina South,2024-12-30 21:28:35,3,Home View,/home,60.0,,,,0,0,[],[]
85f92322-a0e0-4ba5-a1ca-bfbc198e70b0_3,85f92322-a0e0-4ba5-a1ca-bfbc198e70b0,CUST023,Active Customers,,non-campaign,Mobile,google.com,Marina South,2024-12-30 21:30:05,4,Product View,/product/PROD049,6.0,PROD049,,Breakfast Foods,0,0,[],[]
85f92322-a0e0-4ba5-a1ca-bfbc198e70b0_4,85f92322-a0e0-4ba5-a1ca-bfbc198e70b0,CUST023,Active Customers,,non-campaign,Mobile,google.com,Marina South,2024-12-30 21:31:20,5,Category View,/category/bakery,60.0,,,Bakery,0,0,[],[]
85f92322-a0e0-4ba5-a1ca-bfbc198e70b0_5,85f92322-a0e0-4ba5-a1ca-bfbc198e70b0,CUST023,Active Customers,,non-campaign,Mobile,google.com,Marina South,2024-12-30 21:34:20,6,Product View,/product/PROD024,6.0,PROD024,,Frozen Food,0,0,[],[]
85f92322-a0e0-4ba5-a1ca-bfbc198e70b0_6,85f92322-a0e0-4ba5-a1ca-bfbc198e70b0,CUST023,Active Customers,,non-campaign,Mobile,google.com,Marina South,2024-12-30 21:35:33,7,Category View,/category/snacks,60.0,,,Snacks,0,0,[],[]
85f92322-a0e0-4ba5-a1ca-bfbc198e70b0_7,85f92322-a0e0-4ba5-a1ca-bfbc198e70b0,CUST023,Active Customers,,non-campaign,Mobile,google.com,Marina South,2024-12-30 21:37:01,8,Search View,/search?q=site,15.0,,,,0,0,[],[]
85f92322-a0e0-4ba5-a1ca-bfbc198e70b0_8,85f92322-a0e0-4ba5-a1ca-bfbc198e70b0,CUST023,Active Customers,,non-campaign,Mobile,google.com,Marina South,2024-12-30 21:38:27,9,Product View,/product/PROD031,20.0,PROD031,,Electronics & Appliances,0,0,[],[]
85f92322-a0e0-4ba5-a1ca-bfbc198e70b0_9,85f92322-a0e0-4ba5-a1ca-bfbc198e70b0,CUST023,Active Customers,,non-campaign,Mobile,google.com,Marina South,2024-12-30 21:39:16,10,Add to Cart,/add_to_cart/PROD031,,PROD031,,,0,1,['PROD031'],[]
85f92322-a0e0-4ba5-a1ca-bfbc198e70b0_10,85f92322-a0e0-4ba5-a1ca-bfbc198e70b0,CUST023,Active Customers,,non-campaign,Mobile,google.com,Marina South,2024-12-30 21:39:51,11,Product View,/product/PROD008,40.0,PROD008,,"Home & Living (Kitchenware, Storage, Bedding)",0,1,['PROD031'],[]
85f92322-a0e0-4ba5-a1ca-bfbc198e70b0_11,85f92322-a0e0-4ba5-a1ca-bfbc198e70b0,CUST023,Active Customers,,non-campaign,Mobile,google.com,Marina South,2024-12-30 21:41:54,12,Category View,/category/dairy-&-eggs,75.0,,,Dairy & Eggs,0,1,['PROD031'],[]
85f92322-a0e0-4ba5-a1ca-bfbc198e70b0_12,85f92322-a0e0-4ba5-a1ca-bfbc198e70b0,CUST023,Active Customers,,non-campaign,Mobile,google.com,Marina South,2024-12-30 21:44:44,13,Product View,/product/PROD028,85.0,PROD028,,Dairy & Eggs,0,1,['PROD031'],[]
85f92322-a0e0-4ba5-a1ca-bfbc198e70b0_13,85f92322-a0e0-4ba5-a1ca-bfbc198e70b0,CUST023,Active Customers,,non-campaign,Mobile,google.com,Marina South,2024-12-30 21:46:59,14,Home View,/home,3.0,,,,0,1,['PROD031'],[]
85f92322-a0e0-4ba5-a1ca-bfbc198e70b0_14,85f92322-a0e0-4ba5-a1ca-bfbc198e70b0,CUST023,Active Customers,,non-campaign,Mobile,google.com,Marina South,2024-12-30 21:48:13,15,Category View,/category/dairy-&-eggs,2.0,,,Dairy & Eggs,0,1,['PROD031'],[]
85f92322-a0e0-4ba5-a1ca-bfbc198e70b0_15,85f92322-a0e0-4ba5-a1ca-bfbc198e70b0,CUST023,Active Customers,,non-campaign,Mobile,google.com,Marina South,2024-12-30 21:48:46,16,Product View,/product/PROD028,25.0,PROD028,,Dairy & Eggs,0,1,['PROD031'],[]
85f92322-a0e0-4ba5-a1ca-bfbc198e70b0_16,85f92322-a0e0-4ba5-a1ca-bfbc198e70b0,CUST023,Active Customers,,non-campaign,Mobile,google.com,Marina South,2024-12-30 21:50:23,17,Category View,/category/dairy-&-eggs,14.0,,,Dairy & Eggs,0,1,['PROD031'],[]
85f92322-a0e0-4ba5-a1ca-bfbc198e70b0_17,85f92322-a0e0-4ba5-a1ca-bfbc198e70b0,CUST023,Active Customers,,non-campaign,Mobile,google.com,Marina South,2024-12-30 21:51:43,18,Home View,/home,50.0,,,,0,1,['PROD031'],[]
18e35d94-d35d-45d3-83f3-87233e096fe4_0,18e35d94-d35d-45d3-83f3-87233e096fe4,CUST024,Active Customers,,non-campaign,Mobile,facebook.com,Lakeside,2024-08-22 19:58:38,1,Home View,/home,100.0,,,,0,1,['PROD030'],[]
18e35d94-d35d-45d3-83f3-87233e096fe4_1,18e35d94-d35d-45d3-83f3-87233e096fe4,CUST024,Active Customers,,non-campaign,Mobile,facebook.com,Lakeside,2024-08-22 19:59:06,2,Product View,/product/PROD033,100.0,PROD033,,"Home & Living (Kitchenware, Storage, Bedding)",0,1,['PROD030'],[]
18e35d94-d35d-45d3-83f3-87233e096fe4_2,18e35d94-d35d-45d3-83f3-87233e096fe4,CUST024,Active Customers,,non-campaign,Mobile,facebook.com,Lakeside,2024-08-22 20:02:33,3,Category View,/category/electronics-&-appliances,60.0,,,Electronics & Appliances,0,1,['PROD030'],[]
18e35d94-d35d-45d3-83f3-87233e096fe4_3,18e35d94-d35d-45d3-83f3-87233e096fe4,CUST024,Active Customers,,non-campaign,Mobile,facebook.com,Lakeside,2024-08-22 20:03:48,4,Cart View,/cart,,,,,0,1,['PROD030'],[]
18e35d94-d35d-45d3-83f3-87233e096fe4_4,18e35d94-d35d-45d3-83f3-87233e096fe4,CUST024,Active Customers,,non-campaign,Mobile,facebook.com,Lakeside,2024-08-22 20:06:22,5,Category View,/category/beverages,25.0,,,Beverages,0,1,['PROD030'],[]
18e35d94-d35d-45d3-83f3-87233e096fe4_5,18e35d94-d35d-45d3-83f3-87233e096fe4,CUST024,Active Customers,,non-campaign,Mobile,facebook.com,Lakeside,2024-08-22 20:07:21,6,Product View,/product/PROD027,40.0,PROD027,,Beverages,0,1,['PROD030'],[]
18e35d94-d35d-45d3-83f3-87233e096fe4_6,18e35d94-d35d-45d3-83f3-87233e096fe4,CUST024,Active Customers,,non-campaign,Mobile,facebook.com,Lakeside,2024-08-22 20:08:43,7,Home View,/home,10.0,,,,0,1,['PROD030'],[]
